{"stats":{"minecraft:crafted":{"easy_hammers:wooden_hammer":1,"minecraft:oak_planks":24,"minecraft:wooden_shovel":1,"minecraft:stone_shovel":1,"minecraft:crafting_table":2,"minecraft:stick":8,"minecraft:stone_sword":1,"easy_hammers:stone_hammer":1,"minecraft:acacia_planks":8},"minecraft:used":{"minecraft:moss_carpet":2,"minecraft:stone_sword":29,"minecraft:stone_shovel":72,"minecraft:grass_block":1,"minecraft:mangrove_propagule":1,"minecraft:bread":3,"easy_hammers:wooden_hammer":22,"minecraft:netherite_axe":19,"minecraft:spruce_sapling":2,"minecraft:dirt":1,"minecraft:crafting_table":2,"minecraft:mangrove_roots":2,"minecraft:bone_meal":16},"minecraft:custom":{"minecraft:time_since_rest":15622,"minecraft:sprint_one_cm":94903,"minecraft:damage_taken":283,"minecraft:walk_one_cm":46970,"minecraft:mob_kills":9,"minecraft:drop":7,"minecraft:damage_dealt":855,"minecraft:interact_with_crafting_table":5,"minecraft:swim_one_cm":4317,"minecraft:fly_one_cm":119371,"minecraft:open_chest":2,"minecraft:crouch_one_cm":2046,"minecraft:play_time":26081,"minecraft:deaths":1,"minecraft:sneak_time":388,"minecraft:walk_under_water_one_cm":334,"minecraft:jump":433,"minecraft:leave_game":3,"minecraft:time_since_death":15581,"minecraft:walk_on_water_one_cm":933,"minecraft:total_world_time":26081,"minecraft:climb_one_cm":2813,"minecraft:fall_one_cm":12173},"minecraft:mined":{"minecraft:acacia_leaves":1,"minecraft:mud":1,"minecraft:spruce_log":15,"minecraft:mangrove_roots":3,"minecraft:mangrove_leaves":10,"minecraft:muddy_mangrove_roots":2,"minecraft:grass":12,"biomesoplenty:bush":1,"minecraft:acacia_log":2,"minecraft:grass_block":65,"minecraft:oak_log":7,"minecraft:vine":2,"minecraft:dirt":1,"minecraft:spruce_leaves":2,"farmersdelight:wild_tomatoes":6,"minecraft:stone":22,"minecraft:sugar_cane":2,"minecraft:oak_leaves":2},"minecraft:dropped":{"minecraft:wooden_shovel":1,"minecraft:oak_planks":204,"easy_hammers:wooden_hammer":1,"farmersdelight:tomato":1},"minecraft:picked_up":{"minecraft:mud":1,"minecraft:stick":8,"minecraft:chicken":2,"minecraft:feather":1,"minecraft:muddy_mangrove_roots":2,"minecraft:leather":8,"minecraft:acacia_log":2,"farmersdelight:tomato_seeds":6,"minecraft:oak_log":7,"minecraft:spruce_sapling":11,"minecraft:spruce_log":13,"minecraft:dirt":67,"farmersdelight:tomato":4,"minecraft:moss_carpet":1,"minecraft:wheat_seeds":3,"minecraft:beef":15,"minecraft:mangrove_roots":3,"minecraft:sugar_cane":5,"minecraft:oak_planks":252,"minecraft:mangrove_propagule":1,"minecraft:cobblestone":197,"minecraft:egg":1},"minecraft:killed":{"minecraft:chicken":2,"minecraft:cow":7}},"DataVersion":3465}