{"stats":{"minecraft:killed":{"minecraft:salmon":2,"minecraft:chicken":3,"minecraft:cow":12},"minecraft:mined":{"minecraft:acacia_leaves":1,"biomesoplenty:desert_grass":1,"minecraft:stone_brick_slab":2,"minecraft:mangrove_roots":3,"minecraft:crafting_table":1,"biomesoplenty:bush":9,"minecraft:acacia_log":2,"minecraft:grass_block":71,"minecraft:stone_slab":1,"biomesoplenty:dried_salt":11,"biomesoplenty:wilted_lily":1,"biomesoplenty:dead_grass":1,"minecraft:spruce_leaves":2,"farmersdelight:wild_tomatoes":6,"minecraft:sugar_cane":2,"minecraft:oak_planks":4,"biomesoplenty:dead_branch":1,"minecraft:hay_block":45,"minecraft:mud":1,"minecraft:spruce_log":15,"minecraft:mangrove_leaves":10,"minecraft:stone_brick_stairs":1,"minecraft:muddy_mangrove_roots":2,"minecraft:grass":17,"biomesoplenty:dead_log":174,"minecraft:oak_log":86,"minecraft:vine":2,"minecraft:sand":17,"minecraft:dirt":13,"minecraft:stone":53,"minecraft:netherrack":4,"minecraft:oak_leaves":2},"minecraft:custom":{"minecraft:interact_with_furnace":8,"minecraft:mob_kills":17,"minecraft:interact_with_crafting_table":20,"minecraft:leave_game":5,"minecraft:time_since_death":54928,"minecraft:sleep_in_bed":1,"minecraft:climb_one_cm":2813,"minecraft:time_since_rest":12156,"minecraft:sprint_one_cm":246386,"minecraft:damage_taken":443,"minecraft:walk_one_cm":109247,"minecraft:drop":18,"minecraft:damage_dealt":1708,"minecraft:swim_one_cm":19715,"minecraft:fly_one_cm":315161,"minecraft:open_chest":7,"minecraft:crouch_one_cm":2046,"minecraft:play_time":65428,"minecraft:deaths":1,"minecraft:sneak_time":511,"minecraft:walk_under_water_one_cm":4170,"minecraft:jump":1197,"minecraft:walk_on_water_one_cm":4351,"minecraft:total_world_time":65428,"minecraft:fall_one_cm":32518,"minecraft:horse_one_cm":802},"minecraft:crafted":{"minecraft:cooked_beef":15,"easy_hammers:wooden_hammer":1,"minecraft:oak_planks":32,"minecraft:wooden_shovel":1,"minecraft:stone_shovel":1,"minecraft:crafting_table":4,"minecraft:furnace":2,"easy_hammers:stone_hammer":1,"minecraft:stone_axe":2,"minecraft:air":0,"minecraft:paper":3,"minecraft:charcoal":1,"minecraft:stick":12,"minecraft:stone_sword":1,"minecraft:chest":1,"minecraft:acacia_planks":8,"minecraft:torch":4,"minecraft:stone_hoe":1,"mcwdoors:oak_barn_door":2},"minecraft:used":{"minecraft:moss_carpet":2,"minecraft:stone_sword":69,"minecraft:stone_shovel":108,"minecraft:oak_planks":32,"easy_hammers:wooden_hammer":22,"minecraft:chest":1,"easy_hammers:stone_hammer":51,"minecraft:wooden_shovel":1,"minecraft:stone_hoe":43,"minecraft:netherrack":4,"minecraft:torch":3,"minecraft:dirt":1,"minecraft:crafting_table":5,"minecraft:grass_block":1,"minecraft:mangrove_propagule":1,"minecraft:bread":5,"minecraft:netherite_axe":19,"minecraft:spruce_sapling":2,"minecraft:stone_axe":269,"minecraft:cobblestone":12,"minecraft:mangrove_roots":2,"minecraft:furnace":2,"minecraft:cooked_beef":5,"mcwdoors:oak_barn_door":2,"minecraft:bone_meal":16},"minecraft:picked_up":{"minecraft:mud":1,"minecraft:crafting_table":1,"minecraft:magma_block":2,"minecraft:muddy_mangrove_roots":2,"minecraft:feather":2,"minecraft:chicken":3,"biomesoplenty:dried_salt":73,"minecraft:salmon":2,"minecraft:leather":13,"minecraft:stone_slab":1,"biomesoplenty:dead_log":141,"minecraft:stone_brick_stairs":6,"minecraft:oak_log":85,"farmersdelight:tomato":4,"minecraft:dirt":86,"minecraft:moss_carpet":1,"minecraft:raw_copper":11,"minecraft:apple":2,"biomesoplenty:dead_sapling":6,"minecraft:wheat_seeds":3,"minecraft:beef":24,"minecraft:poppy":1,"minecraft:wooden_shovel":1,"minecraft:sugar_cane":5,"minecraft:oak_planks":255,"minecraft:egg":4,"minecraft:stick":19,"minecraft:acacia_log":2,"minecraft:stone_brick_slab":3,"minecraft:torch":1,"biomesoplenty:wilted_lily":1,"minecraft:sand":15,"farmersdelight:tomato_seeds":6,"minecraft:spruce_sapling":11,"minecraft:spruce_log":13,"minecraft:stone_sword":2,"waystones:waystone":1,"minecraft:hay_block":45,"minecraft:mangrove_roots":3,"minecraft:oak_sapling":7,"minecraft:netherrack":62,"minecraft:mangrove_propagule":1,"minecraft:cobblestone":426},"minecraft:broken":{"minecraft:stone_axe":1},"minecraft:dropped":{"minecraft:cooked_beef":6,"minecraft:stone_sword":2,"minecraft:oak_planks":204,"minecraft:stick":3,"biomesoplenty:dead_sapling":6,"minecraft:wooden_shovel":2,"easy_hammers:wooden_hammer":1,"farmersdelight:tomato":1}},"DataVersion":3465}