{"stats":{"minecraft:crafted":{"easy_hammers:wooden_hammer":1,"minecraft:oak_planks":24,"minecraft:wooden_shovel":1,"minecraft:stone_shovel":1,"minecraft:crafting_table":2,"minecraft:furnace":1,"easy_hammers:stone_hammer":1,"minecraft:stone_axe":1,"minecraft:air":0,"minecraft:paper":3,"minecraft:charcoal":1,"minecraft:stick":12,"minecraft:stone_sword":1,"minecraft:chest":1,"minecraft:acacia_planks":8,"minecraft:torch":4,"mcwdoors:oak_barn_door":2},"minecraft:used":{"minecraft:moss_carpet":2,"minecraft:stone_sword":29,"minecraft:stone_shovel":90,"minecraft:oak_planks":32,"easy_hammers:wooden_hammer":22,"minecraft:chest":1,"easy_hammers:stone_hammer":49,"minecraft:wooden_shovel":1,"minecraft:torch":3,"minecraft:dirt":1,"minecraft:crafting_table":3,"minecraft:grass_block":1,"minecraft:mangrove_propagule":1,"minecraft:bread":5,"minecraft:netherite_axe":19,"minecraft:spruce_sapling":2,"minecraft:stone_axe":20,"minecraft:cobblestone":12,"minecraft:mangrove_roots":2,"minecraft:furnace":1,"mcwdoors:oak_barn_door":2,"minecraft:bone_meal":16},"minecraft:custom":{"minecraft:interact_with_furnace":4,"minecraft:mob_kills":9,"minecraft:interact_with_crafting_table":15,"minecraft:leave_game":3,"minecraft:time_since_death":27581,"minecraft:climb_one_cm":2813,"minecraft:time_since_rest":27622,"minecraft:sprint_one_cm":112236,"minecraft:damage_taken":373,"minecraft:walk_one_cm":78990,"minecraft:drop":9,"minecraft:damage_dealt":855,"minecraft:swim_one_cm":4317,"minecraft:fly_one_cm":127487,"minecraft:open_chest":5,"minecraft:crouch_one_cm":2046,"minecraft:play_time":38081,"minecraft:deaths":1,"minecraft:sneak_time":389,"minecraft:walk_under_water_one_cm":334,"minecraft:jump":535,"minecraft:walk_on_water_one_cm":933,"minecraft:total_world_time":38081,"minecraft:fall_one_cm":13278},"minecraft:mined":{"minecraft:acacia_leaves":1,"minecraft:stone_brick_slab":2,"minecraft:mangrove_roots":3,"minecraft:crafting_table":1,"biomesoplenty:bush":1,"minecraft:acacia_log":2,"minecraft:grass_block":71,"minecraft:stone_slab":1,"biomesoplenty:dried_salt":11,"minecraft:spruce_leaves":2,"farmersdelight:wild_tomatoes":6,"minecraft:oak_planks":4,"minecraft:sugar_cane":2,"minecraft:mud":1,"minecraft:spruce_log":15,"minecraft:mangrove_leaves":10,"minecraft:stone_brick_stairs":1,"minecraft:muddy_mangrove_roots":2,"minecraft:grass":13,"minecraft:oak_log":25,"minecraft:vine":2,"minecraft:dirt":13,"minecraft:stone":53,"minecraft:netherrack":3,"minecraft:oak_leaves":2},"minecraft:dropped":{"minecraft:oak_planks":204,"minecraft:stick":3,"minecraft:wooden_shovel":2,"easy_hammers:wooden_hammer":1,"farmersdelight:tomato":1},"minecraft:picked_up":{"minecraft:mud":1,"minecraft:magma_block":2,"minecraft:crafting_table":1,"minecraft:muddy_mangrove_roots":2,"minecraft:feather":1,"minecraft:chicken":2,"biomesoplenty:dried_salt":69,"minecraft:leather":8,"minecraft:stone_slab":1,"minecraft:stone_brick_stairs":6,"minecraft:oak_log":24,"farmersdelight:tomato":4,"minecraft:dirt":86,"minecraft:moss_carpet":1,"minecraft:raw_copper":11,"minecraft:wheat_seeds":3,"minecraft:beef":15,"minecraft:wooden_shovel":1,"minecraft:sugar_cane":5,"minecraft:oak_planks":255,"minecraft:egg":1,"minecraft:stick":11,"minecraft:stone_brick_slab":3,"minecraft:torch":1,"minecraft:acacia_log":2,"farmersdelight:tomato_seeds":6,"minecraft:spruce_sapling":11,"minecraft:spruce_log":13,"minecraft:mangrove_roots":3,"minecraft:oak_sapling":1,"minecraft:netherrack":61,"minecraft:mangrove_propagule":1,"minecraft:cobblestone":426},"minecraft:killed":{"minecraft:chicken":2,"minecraft:cow":7}},"DataVersion":3465}