{"stats":{"minecraft:used":{"minecraft:moss_carpet":2,"minecraft:mangrove_roots":2,"minecraft:grass_block":1,"minecraft:mangrove_propagule":1,"minecraft:bread":2,"minecraft:netherite_axe":19,"minecraft:spruce_sapling":2,"minecraft:bone_meal":16},"minecraft:custom":{"minecraft:open_chest":2,"minecraft:time_since_rest":3622,"minecraft:deaths":1,"minecraft:sprint_one_cm":46978,"minecraft:play_time":14081,"minecraft:damage_taken":283,"minecraft:walk_one_cm":22146,"minecraft:walk_under_water_one_cm":334,"minecraft:jump":236,"minecraft:walk_on_water_one_cm":933,"minecraft:damage_dealt":55,"minecraft:leave_game":3,"minecraft:time_since_death":3581,"minecraft:climb_one_cm":2813,"minecraft:total_world_time":14081,"minecraft:swim_one_cm":4317,"minecraft:fall_one_cm":8086,"minecraft:fly_one_cm":69286},"minecraft:mined":{"minecraft:grass":5,"minecraft:vine":2,"minecraft:mud":1,"minecraft:spruce_leaves":2,"minecraft:spruce_log":15,"minecraft:sugar_cane":2,"minecraft:mangrove_roots":3,"minecraft:mangrove_leaves":10,"minecraft:muddy_mangrove_roots":2},"minecraft:picked_up":{"minecraft:mud":1,"minecraft:stick":5,"minecraft:muddy_mangrove_roots":2,"minecraft:mangrove_roots":3,"minecraft:spruce_sapling":11,"minecraft:spruce_log":13,"minecraft:sugar_cane":5,"minecraft:mangrove_propagule":1,"minecraft:moss_carpet":1}},"DataVersion":3465}