{"stats":{"minecraft:killed":{"minecraft:husk":1,"minecraft:zombie":3,"minecraft:chicken":2,"minecraft:cow":2},"minecraft:mined":{"minecraft:mangrove_roots":7,"minecraft:torch":1,"biomesoplenty:bush":11,"minecraft:grass_block":14,"biomesoplenty:wilted_lily":1,"biomesoplenty:dried_salt":34,"minecraft:cobblestone":3,"biomesoplenty:dead_grass":2,"minecraft:oak_planks":6,"minecraft:acacia_wood":2,"minecraft:spruce_log":6,"minecraft:mangrove_leaves":1,"minecraft:grass":17,"biomesoplenty:dead_log":89,"minecraft:oak_log":51,"minecraft:coal_ore":5,"minecraft:dirt":4,"minecraft:stone":35},"minecraft:killed_by":{"minecraft:zombie":1},"minecraft:custom":{"minecraft:mob_kills":8,"minecraft:interact_with_crafting_table":10,"minecraft:leave_game":8,"minecraft:time_since_death":28785,"minecraft:sleep_in_bed":1,"minecraft:climb_one_cm":1191,"minecraft:time_since_rest":156,"minecraft:sprint_one_cm":129378,"minecraft:damage_taken":835,"minecraft:walk_one_cm":171568,"minecraft:drop":5,"minecraft:damage_dealt":1359,"minecraft:talked_to_villager":1,"minecraft:swim_one_cm":13129,"minecraft:fly_one_cm":488726,"minecraft:open_chest":5,"minecraft:crouch_one_cm":7725,"minecraft:play_time":75967,"minecraft:deaths":2,"minecraft:sneak_time":1893,"minecraft:walk_under_water_one_cm":9275,"minecraft:jump":994,"minecraft:walk_on_water_one_cm":6834,"minecraft:total_world_time":75967,"minecraft:fall_one_cm":23401},"minecraft:crafted":{"easy_hammers:wooden_hammer":1,"biomesoplenty:dead_planks":24,"minecraft:oak_planks":200,"minecraft:wooden_shovel":1,"minecraft:crafting_table":2,"minecraft:stick":12,"minecraft:oak_stairs":16,"minecraft:wooden_axe":3,"minecraft:torch":8},"minecraft:used":{"minecraft:water_bucket":2,"minecraft:flint_and_steel":4,"minecraft:oak_planks":105,"easy_hammers:wooden_hammer":62,"minecraft:wooden_pickaxe":17,"minecraft:sandstone":2,"minecraft:wooden_shovel":17,"minecraft:torch":13,"minecraft:dirt":4,"minecraft:sand":30,"minecraft:crafting_table":2,"minecraft:spruce_log":2,"minecraft:obsidian":5,"minecraft:oak_log":2,"minecraft:wooden_axe":167,"minecraft:oak_stairs":56,"minecraft:iron_axe":7,"minecraft:grass_block":27,"minecraft:spruce_sapling":5,"minecraft:golden_sword":13,"minecraft:cobblestone":159,"minecraft:beef":3,"minecraft:mangrove_roots":7,"minecraft:egg":2,"minecraft:cooked_beef":4,"minecraft:bone_meal":12},"minecraft:picked_up":{"minecraft:wooden_axe":4,"minecraft:magma_block":1,"minecraft:feather":2,"minecraft:cooked_beef":6,"minecraft:chicken":2,"easy_hammers:wooden_hammer":6,"biomesoplenty:dried_salt":288,"minecraft:leather":9,"minecraft:wooden_pickaxe":2,"minecraft:acacia_wood":2,"biomesoplenty:dead_log":103,"minecraft:oak_log":50,"minecraft:dirt":23,"minecraft:raw_copper":5,"biomesoplenty:dead_sapling":7,"minecraft:wheat_seeds":2,"minecraft:beef":3,"minecraft:wooden_shovel":1,"minecraft:sugar_cane":1,"minecraft:oak_planks":278,"minecraft:egg":3,"minecraft:stick":16,"minecraft:torch":2,"biomesoplenty:wilted_lily":1,"minecraft:spruce_sapling":7,"minecraft:spruce_log":6,"minecraft:grass_block":2,"minecraft:rotten_flesh":4,"minecraft:mangrove_roots":7,"minecraft:oak_sapling":30,"minecraft:netherrack":7,"minecraft:coal":36,"minecraft:cobblestone":216},"minecraft:broken":{"minecraft:wooden_axe":2},"minecraft:dropped":{"minecraft:oak_planks":188,"minecraft:spruce_log":1,"easy_hammers:wooden_hammer":1}},"DataVersion":3465}