{"stats":{"minecraft:killed":{"minecraft:husk":1,"minecraft:salmon":1,"minecraft:iron_golem":1,"minecraft:zombie":3,"minecraft:chicken":2,"minecraft:cow":2},"minecraft:mined":{"minecraft:mangrove_roots":7,"minecraft:torch":1,"biomesoplenty:bush":15,"minecraft:grass_block":14,"minecraft:chest":5,"biomesoplenty:wilted_lily":1,"biomesoplenty:dried_salt":34,"minecraft:cobblestone":3,"biomesoplenty:dead_grass":2,"minecraft:oak_planks":17,"minecraft:wall_torch":2,"mcwdoors:oak_barn_door":2,"minecraft:cactus":1,"minecraft:lime_bed":2,"minecraft:acacia_wood":2,"minecraft:spruce_log":6,"minecraft:mangrove_leaves":1,"minecraft:grass":17,"biomesoplenty:dead_log":131,"minecraft:oak_log":51,"minecraft:coal_ore":5,"minecraft:dirt":4,"minecraft:stone":35},"minecraft:killed_by":{"minecraft:zombie":1},"minecraft:custom":{"minecraft:mob_kills":10,"minecraft:interact_with_crafting_table":13,"minecraft:leave_game":8,"minecraft:time_since_death":40785,"minecraft:sleep_in_bed":1,"minecraft:climb_one_cm":1191,"minecraft:time_since_rest":12156,"minecraft:sprint_one_cm":169453,"minecraft:damage_taken":925,"minecraft:walk_one_cm":204111,"minecraft:drop":15,"minecraft:damage_dealt":2183,"minecraft:talked_to_villager":1,"minecraft:swim_one_cm":15023,"minecraft:fly_one_cm":544226,"minecraft:open_chest":10,"minecraft:crouch_one_cm":9747,"minecraft:play_time":87967,"minecraft:deaths":2,"minecraft:sneak_time":2582,"minecraft:walk_under_water_one_cm":11359,"minecraft:jump":1227,"minecraft:walk_on_water_one_cm":7955,"minecraft:total_world_time":87967,"minecraft:fall_one_cm":27381},"minecraft:crafted":{"easy_hammers:wooden_hammer":1,"biomesoplenty:dead_planks":196,"minecraft:oak_planks":200,"minecraft:wooden_shovel":1,"minecraft:crafting_table":2,"minecraft:stick":12,"minecraft:oak_stairs":16,"minecraft:wooden_axe":3,"minecraft:chest":7,"minecraft:torch":8},"minecraft:used":{"minecraft:water_bucket":2,"minecraft:flint_and_steel":4,"minecraft:oak_planks":136,"easy_hammers:wooden_hammer":63,"minecraft:chest":12,"minecraft:wooden_pickaxe":17,"minecraft:sandstone":2,"minecraft:wooden_shovel":17,"minecraft:torch":13,"minecraft:dirt":4,"minecraft:sand":30,"minecraft:crafting_table":2,"minecraft:spruce_log":2,"minecraft:obsidian":5,"minecraft:oak_log":2,"minecraft:wooden_axe":227,"minecraft:oak_stairs":56,"minecraft:iron_axe":7,"minecraft:grass_block":27,"minecraft:spruce_sapling":5,"minecraft:golden_sword":28,"minecraft:cobblestone":159,"minecraft:beef":3,"minecraft:mangrove_roots":7,"minecraft:egg":2,"minecraft:cooked_beef":6,"mcwdoors:oak_barn_door":1,"minecraft:bone_meal":12},"minecraft:picked_up":{"minecraft:wooden_axe":5,"minecraft:lime_bed":2,"minecraft:magma_block":3,"minecraft:clay_ball":1,"minecraft:wheat":13,"minecraft:feather":3,"minecraft:cooked_beef":7,"minecraft:chicken":4,"easy_hammers:wooden_hammer":6,"biomesoplenty:dried_salt":305,"minecraft:stone_slab":1,"minecraft:leather":9,"minecraft:wooden_pickaxe":2,"minecraft:acacia_wood":2,"biomesoplenty:dead_log":155,"minecraft:stone_brick_stairs":6,"minecraft:oak_log":50,"mcwdoors:oak_barn_door":2,"minecraft:paper":3,"minecraft:dirt":75,"minecraft:raw_copper":27,"biomesoplenty:dead_sapling":9,"minecraft:wheat_seeds":3,"minecraft:iron_ingot":5,"minecraft:beef":3,"minecraft:wooden_shovel":1,"minecraft:sugar_cane":3,"minecraft:chest":5,"minecraft:oak_planks":293,"minecraft:green_dye":1,"minecraft:egg":3,"minecraft:stick":18,"minecraft:stone_brick_slab":3,"minecraft:torch":6,"biomesoplenty:wilted_lily":1,"biomesoplenty:dead_planks":88,"farmersdelight:tomato_seeds":30,"minecraft:spruce_sapling":7,"minecraft:spruce_log":6,"minecraft:grass_block":2,"minecraft:cactus":4,"minecraft:rotten_flesh":4,"minecraft:mangrove_roots":7,"minecraft:oak_sapling":30,"minecraft:netherrack":52,"minecraft:coal":36,"minecraft:cobblestone":440},"minecraft:broken":{"minecraft:wooden_axe":2},"minecraft:dropped":{"farmersdelight:tomato_seeds":15,"biomesoplenty:dead_planks":8,"minecraft:wheat_seeds":1,"minecraft:cooked_beef":1,"minecraft:raw_copper":11,"minecraft:oak_planks":189,"minecraft:wooden_axe":2,"minecraft:spruce_log":1,"easy_hammers:wooden_hammer":1,"minecraft:magma_block":1,"biomesoplenty:dead_log":21}},"DataVersion":3465}