{"stats":{"minecraft:killed_by":{"minecraft:zombie":1},"minecraft:crafted":{"easy_hammers:wooden_hammer":1,"minecraft:oak_planks":200,"minecraft:wooden_shovel":1,"minecraft:crafting_table":1,"minecraft:stick":12,"minecraft:wooden_axe":2,"minecraft:oak_stairs":16,"minecraft:torch":8},"minecraft:custom":{"minecraft:mob_kills":6,"minecraft:interact_with_crafting_table":9,"minecraft:leave_game":7,"minecraft:time_since_death":4606,"minecraft:climb_one_cm":1191,"minecraft:time_since_rest":4638,"minecraft:sprint_one_cm":77997,"minecraft:damage_taken":700,"minecraft:walk_one_cm":138409,"minecraft:drop":4,"minecraft:damage_dealt":1132,"minecraft:talked_to_villager":1,"minecraft:swim_one_cm":8480,"minecraft:fly_one_cm":415536,"minecraft:open_chest":4,"minecraft:crouch_one_cm":7725,"minecraft:play_time":51788,"minecraft:deaths":2,"minecraft:sneak_time":1884,"minecraft:walk_under_water_one_cm":9248,"minecraft:jump":690,"minecraft:walk_on_water_one_cm":5604,"minecraft:total_world_time":51788,"minecraft:fall_one_cm":14670},"minecraft:used":{"minecraft:water_bucket":2,"minecraft:flint_and_steel":4,"minecraft:oak_planks":103,"easy_hammers:wooden_hammer":51,"minecraft:wooden_pickaxe":16,"minecraft:sandstone":2,"minecraft:wooden_shovel":17,"minecraft:torch":8,"minecraft:dirt":4,"minecraft:sand":30,"minecraft:crafting_table":1,"minecraft:spruce_log":2,"minecraft:obsidian":5,"minecraft:oak_log":2,"minecraft:wooden_axe":70,"minecraft:oak_stairs":16,"minecraft:grass_block":26,"minecraft:iron_axe":7,"minecraft:spruce_sapling":5,"minecraft:golden_sword":9,"minecraft:cobblestone":132,"minecraft:beef":3,"minecraft:mangrove_roots":7,"minecraft:bone_meal":12},"minecraft:mined":{"minecraft:mangrove_roots":7,"minecraft:torch":1,"biomesoplenty:bush":11,"minecraft:grass_block":14,"biomesoplenty:dried_salt":26,"minecraft:cobblestone":3,"minecraft:oak_planks":6,"minecraft:spruce_log":6,"minecraft:mangrove_leaves":1,"minecraft:grass":17,"minecraft:oak_log":51,"minecraft:coal_ore":5,"minecraft:dirt":4,"minecraft:stone":32},"minecraft:broken":{"minecraft:wooden_axe":1},"minecraft:dropped":{"minecraft:oak_planks":188,"minecraft:spruce_log":1},"minecraft:picked_up":{"minecraft:wooden_axe":4,"minecraft:magma_block":1,"minecraft:feather":2,"minecraft:chicken":1,"biomesoplenty:dried_salt":208,"easy_hammers:wooden_hammer":5,"minecraft:leather":9,"minecraft:wooden_pickaxe":2,"minecraft:oak_log":50,"minecraft:dirt":23,"minecraft:raw_copper":5,"minecraft:wheat_seeds":2,"minecraft:beef":3,"minecraft:wooden_shovel":1,"minecraft:sugar_cane":1,"minecraft:oak_planks":278,"minecraft:egg":3,"minecraft:stick":11,"minecraft:torch":2,"minecraft:spruce_sapling":7,"minecraft:spruce_log":6,"minecraft:grass_block":2,"minecraft:rotten_flesh":4,"minecraft:mangrove_roots":7,"minecraft:oak_sapling":30,"minecraft:netherrack":7,"minecraft:coal":36,"minecraft:cobblestone":194},"minecraft:killed":{"minecraft:zombie":3,"minecraft:chicken":1,"minecraft:cow":2}},"DataVersion":3465}