{"stats":{"minecraft:used":{"minecraft:water_bucket":2,"minecraft:sand":30,"minecraft:flint_and_steel":4,"minecraft:mangrove_roots":7,"minecraft:grass_block":25,"minecraft:iron_axe":7,"minecraft:sandstone":2,"minecraft:obsidian":5,"minecraft:spruce_log":2,"minecraft:bone_meal":12,"minecraft:spruce_sapling":5},"minecraft:custom":{"minecraft:time_since_rest":27788,"minecraft:open_chest":2,"minecraft:crouch_one_cm":734,"minecraft:play_time":27788,"minecraft:sprint_one_cm":28871,"minecraft:damage_taken":135,"minecraft:walk_one_cm":41158,"minecraft:sneak_time":510,"minecraft:walk_under_water_one_cm":9248,"minecraft:drop":1,"minecraft:jump":309,"minecraft:damage_dealt":113,"minecraft:leave_game":7,"minecraft:time_since_death":27788,"minecraft:walk_on_water_one_cm":5604,"minecraft:climb_one_cm":1191,"minecraft:total_world_time":27788,"minecraft:talked_to_villager":1,"minecraft:swim_one_cm":8480,"minecraft:fall_one_cm":4172,"minecraft:fly_one_cm":344313},"minecraft:mined":{"minecraft:grass_block":2,"minecraft:spruce_log":6,"minecraft:mangrove_roots":7,"minecraft:mangrove_leaves":1},"minecraft:dropped":{"minecraft:spruce_log":1},"minecraft:picked_up":{"minecraft:stick":7,"minecraft:mangrove_roots":7,"minecraft:spruce_sapling":7,"minecraft:spruce_log":6,"minecraft:sugar_cane":1,"minecraft:dirt":1}},"DataVersion":3465}