{"stats":{"minecraft:crafted":{"easy_hammers:wooden_hammer":1,"minecraft:oak_planks":192,"minecraft:wooden_shovel":1,"minecraft:crafting_table":1,"minecraft:stick":12,"minecraft:wooden_axe":2,"minecraft:torch":8},"minecraft:used":{"minecraft:oak_log":2,"minecraft:wooden_axe":64,"minecraft:water_bucket":2,"minecraft:flint_and_steel":4,"minecraft:iron_axe":7,"minecraft:grass_block":26,"minecraft:oak_planks":26,"easy_hammers:wooden_hammer":14,"minecraft:wooden_pickaxe":12,"minecraft:sandstone":2,"minecraft:spruce_sapling":5,"minecraft:wooden_shovel":15,"minecraft:sand":30,"minecraft:cobblestone":9,"minecraft:beef":3,"minecraft:crafting_table":1,"minecraft:mangrove_roots":7,"minecraft:spruce_log":2,"minecraft:bone_meal":12,"minecraft:obsidian":5},"minecraft:custom":{"minecraft:time_since_rest":4697,"minecraft:sprint_one_cm":60711,"minecraft:damage_taken":305,"minecraft:walk_one_cm":74462,"minecraft:mob_kills":2,"minecraft:drop":4,"minecraft:damage_dealt":447,"minecraft:interact_with_crafting_table":7,"minecraft:swim_one_cm":8480,"minecraft:talked_to_villager":1,"minecraft:fly_one_cm":407938,"minecraft:open_chest":2,"minecraft:crouch_one_cm":748,"minecraft:play_time":39788,"minecraft:deaths":1,"minecraft:sneak_time":552,"minecraft:walk_under_water_one_cm":9248,"minecraft:jump":563,"minecraft:leave_game":7,"minecraft:walk_on_water_one_cm":5604,"minecraft:time_since_death":4633,"minecraft:total_world_time":39788,"minecraft:climb_one_cm":1191,"minecraft:fall_one_cm":12735},"minecraft:mined":{"minecraft:spruce_log":6,"minecraft:mangrove_roots":7,"minecraft:mangrove_leaves":1,"minecraft:grass":6,"biomesoplenty:bush":3,"minecraft:coal_ore":5,"minecraft:grass_block":14,"minecraft:oak_log":51,"minecraft:stone":21,"minecraft:oak_planks":1},"minecraft:broken":{"minecraft:wooden_axe":1},"minecraft:dropped":{"minecraft:oak_planks":188,"minecraft:spruce_log":1},"minecraft:picked_up":{"minecraft:wooden_axe":2,"minecraft:stick":9,"easy_hammers:wooden_hammer":3,"minecraft:leather":6,"minecraft:wooden_pickaxe":1,"minecraft:oak_log":50,"minecraft:spruce_sapling":7,"minecraft:grass_block":1,"minecraft:spruce_log":6,"minecraft:dirt":10,"minecraft:beef":3,"minecraft:mangrove_roots":7,"minecraft:oak_sapling":20,"minecraft:coal":20,"minecraft:sugar_cane":1,"minecraft:oak_planks":262,"minecraft:cobblestone":116,"minecraft:egg":1},"minecraft:killed":{"minecraft:cow":2}},"DataVersion":3465}